{
    "Pre-VibeBCRS": [
        -0.0011431347199226231,
        -0.008098743361999403,
        0.9999683604634155
    ],
    "Post-VibeBCRS": [
        -0.0010572530812306947,
        -0.008284491672326005,
        0.9999669337337483
    ],
    "Post-VibeBCRS2": [
        -0.0011278083266061413,
        -0.00829847534398652,
        0.9999667407405307
    ],
    "Post-VibeTxRS": [
        -0.0010675920896269146,
        -0.00708565839218694,
        0.9999761334158895
    ],
    "Post-VibeTxRS2": [
        -0.0011523720893280172,
        -0.007132679992092675,
        0.9999757051304694
    ]
}