{
    "thSTR_mTH_str": {
        "a":[280.9293, 91.1690],
        "b":[100.9275, 268.8307]
    },
    "thBC_mTH_str": {
        "a":[10.7940, 88.8295],
        "b":[190.7946, 271.1722]
    },
    "thSTR_mSTR_str": {
        "a":[359.99995, 90.4650],
        "b":[179.99948, 269.5366]
    },
    "thBC_mBC_str": {
        "a":[359.9990, 89.6192],
        "b":[180.0011, 270.3835]
    }, 
    "thSTR_mTH_ss": {
        "a":[277.7164, 90.1113],
        "b":[97.7165, 269.8892]
    }, 
    "thBC_mTH_ss": {
        "a":[14.2873, 89.8894],
        "b":[194.2875, 270.1111]
    },
    "thSTR_mSTR_ss": {
        "a":[358.9126, 90.4420],
        "b":[178.91135, 269.5595]
    },
    "thBC_mBC_ss": {
        "a":[3.2748, 89.7775],
        "b":[183.2754, 270.2228]
    }
}