{
    "thSTR_mTH_str": {
        "a":[339.9084, 91.3688],
        "b":[159.90984, 268.62305]
    },
    "thBC_mTH_str": {
        "a":[339.9074, 88.6297],
        "b":[159.9070, 271.3775]
    },
    "thSTR_mSTR_str": {
        "a":[58.85802, 90.57480],
        "b":[238.86139, 269.4227]
    },
    "thBC_mBC_str": {
        "a":[328.9867, 89.4517],
        "b":[148.9875, 270.5545]
    }, 
    "thSTR_mTH_ss": {
        "a":[313.44959, 90.27242],
        "b":[133.44912, 269.72731]
    }, 
    "thBC_mTH_ss": {
        "a":[337.9020, 89.7332],
        "b":[157.9013, 270.2702]
    },
    "thSTR_mSTR_ss": {
        "a":[34.46750, 90.54572],
        "b":[214.46727, 269.4543]
    },
    "thBC_mBC_ss": {
        "a":[326.7141, 89.5966],
        "b":[146.7141, 270.4039]
    }

}