{
    "thSTR_mTH_str": {
        "a":[280.99705, 90.5766],
        "b":[100.999617, 269.4233]
    },
    "thBC_mTH_str": {
        "a":[10.8516, 89.4246],
        "b":[190.8515, 270.5762]
    },
    "thSTR_mSTR_str": {
        "a":[359.99973, 90.46615],
        "b":[179.99943, 269.5362]
    },
    "thBC_mBC_str": {
        "a":[359.9252, 89.6195],
        "b":[179.9252, 270.3821]
    }, 
    "thSTR_mTH_ss": {
        "a":[277.03477, 90.1687],
        "b":[97.03197, 269.8362]
    }, 
    "thBC_mTH_ss": {
        "a":[13.6304, 89.8372],
        "b":[193.6300, 270.1646]
    },
    "thSTR_mSTR_ss": {
        "a":[358.8935, 90.44445],
        "b":[178.8939, 269.5587]
    },
    "thBC_mBC_ss": {
        "a":[3.2806, 89.7135],
        "b":[183.2811, 270.2883]
    }

}