{
    "thSTR_mTH_str": {
        "a":[339.90300, 90.63165],
        "b":[159.90288, 269.3685]
    },
    "thBC_mTH_str": {
        "a":[339.9032, 89.3681],
        "b":[159.9031, 270.6318]
    },
    "thSTR_mSTR_str": {
        "a":[58.8513, 90.5758],
        "b":[238.8507, 269.4236]
    },
    "thBC_mBC_str": {
        "a":[328.9190, 89.4455],
        "b":[148.9195, 270.5551]
    }, 
    "thSTR_mTH_ss": {
        "a":[312.84452, 90.21170],
        "b":[132.84429, 269.78880]
    }, 
    "thBC_mTH_ss": {
        "a":[337.3010, 89.7904],
        "b":[157.3015, 270.2101]
    },
    "thSTR_mSTR_ss": {
        "a":[34.4689, 90.24305],
        "b":[214.4682, 269.75645]
    },
    "thBC_mBC_ss": {
        "a":[326.7207, 89.5351],
        "b":[146.7213, 270.4670]
    }

}